name,email,ip_address
Allison Hill,donaldgarcia@example.net,210.200.51.240
Amanda Davis,williamjohnson@example.org,189.108.180.212
Kevin Pacheco,blakeerik@example.com,41.243.96.76
Phillip Garcia,wdavis@example.net,120.88.252.139
Kimberly Dudley,smiller@example.net,151.37.7.60
Michele Williams,kendragalloway@example.org,220.41.254.122
Mark Diaz,michael41@example.net,143.170.251.114
James Mayo,gabriellecameron@example.org,112.131.123.138
Jennifer Jones,jason76@example.net,24.121.229.251
Patrick Ryan,zhurst@example.com,114.54.155.88
Ann Williams,hernandezernest@example.net,36.16.214.132
Kyle Mcdonald,tasha01@example.net,216.137.212.249
Gina Carter,shawnmckay@example.net,121.109.225.9
Ashley Garrett,ericfarmer@example.net,200.0.149.235
Katherine Rodriguez,natasha43@example.org,113.66.150.192
John Jones,davidalvarez@example.net,110.197.44.73
Tanya Campos,jenniferross@example.net,156.9.212.232
Jocelyn Wright,morganbrianna@example.org,128.117.208.149
Mark Perez,heathchad@example.org,125.241.16.127
Carlos Walls,esanchez@example.com,96.198.131.169
Heather Jenkins,nuneztracey@example.org,85.183.34.65
Ashley Lee,ltaylor@example.com,18.105.141.146
Scott Pierce,pearsonamber@example.org,194.242.13.119
John Lewis,kbarrera@example.com,88.252.171.137
Richard Gibson,uhorton@example.net,159.37.159.222
Edward Novak,adkinsbrian@example.net,21.9.176.92
Jordan York,larsonemma@example.org,47.193.254.5
Amanda Miller,sarah35@example.org,121.12.9.233
Elizabeth Stewart,smithchristine@example.net,198.146.193.54
Katie Anderson,nicole35@example.com,108.215.28.54
Victoria Valdez,contrerasangela@example.net,72.152.57.195
Steve Newton,josephjacobs@example.net,48.229.28.185
Danielle Odonnell,davisrodney@example.com,85.88.253.133
Mandy Green,barnold@example.net,68.208.203.152
Melissa Hernandez,davenportbrandi@example.org,17.86.169.123
Steven Flynn,nolanjason@example.org,150.162.171.178
Stacey Russell,sarayoung@example.org,193.90.166.155
Allison Doyle,kimberly63@example.com,105.186.194.122
Andrew Ruiz,lisastevens@example.com,173.210.29.149
Matthew Ross,michelle45@example.net,13.76.99.205
Ashley Waller,beverlyterrell@example.org,91.207.228.131
Richard Graham,cruzbarbara@example.com,91.232.93.205
Timothy Ryan,michaeljones@example.net,218.11.152.208
Belinda Mccullough,elizabeth56@example.net,40.37.123.189
Maurice Gray,christinaturner@example.net,174.110.85.253
Jeffrey Carpenter,steven73@example.net,21.110.28.164
Diane Beck,clarence34@example.org,162.91.143.212
David Alvarez,gibsonolivia@example.net,99.18.99.77
David Douglas Jr.,osbornejeffery@example.net,8.205.177.202
Sylvia Martinez,lauriecontreras@example.net,156.83.31.125
Michelle Wagner,vmerritt@example.com,23.233.99.78
Destiny Strickland,rsims@example.com,82.73.94.188
George Orozco,taylorjesse@example.net,107.108.89.218
Jason Daniels,abrown@example.com,208.160.1.120
Pamela James,benderkenneth@example.com,169.107.68.250
Morgan Marsh,tracynelson@example.com,85.131.37.123
Rebecca Ramsey,ncalhoun@example.net,89.55.160.185
Mary Miller,dtaylor@example.org,88.67.60.220
Jesse Rogers,aramirez@example.com,175.195.48.59
Joshua Cooke,jeffrey10@example.org,200.204.37.52
Lisa Allen,kcaldwell@example.org,24.51.37.251
Carol Lawson,stricklandfrank@example.com,65.164.183.24
Laura Odonnell,tsanders@example.org,79.138.216.36
Raymond Jefferson,hoganashlee@example.org,59.106.139.154
Andrea Holland,atkinsonlynn@example.org,27.151.11.93
Sandra Zimmerman,hthompson@example.net,125.239.25.248
Roger Vargas,melissa14@example.com,119.111.114.37
Mary Rogers,lrosales@example.com,100.194.35.98
Spencer Haynes,angela83@example.org,118.128.186.198
Peter Vaughn DDS,bwest@example.org,57.225.181.65
Elizabeth Perkins,wtran@example.com,198.212.174.189
Jesse Parker,davidlee@example.org,181.236.191.95
Parker Hill,tina34@example.org,51.88.90.47
Joseph Hill,tranheidi@example.org,159.106.142.124
Adam Mitchell,lalexander@example.org,123.210.99.174
Austin Vasquez,hernandezlisa@example.com,79.226.92.80
Phillip Obrien,kimberlyjames@example.com,59.113.242.177
Marc Lynch,mezajared@example.org,120.166.69.157
Christopher Jones,ortizhannah@example.com,46.208.129.177
Douglas Heath,mcdanielsandra@example.net,140.169.17.236
Joshua Holland,margaret10@example.org,164.158.38.35
John Torres,gbender@example.net,18.146.250.203
Stacy Navarro,anthony39@example.net,201.19.250.178
Pamela Thompson,lmoon@example.net,31.188.55.191
Julie Ortiz,elizabeth25@example.com,146.114.41.15
Jennifer Hodges,gibsonleonard@example.com,89.222.1.14
Samantha Smith,mgutierrez@example.net,63.231.79.153
Olivia Harris,sarakim@example.net,16.236.127.154
Lisa Allen,lancesmith@example.com,71.66.242.111
Bruce Collier,scantu@example.net,154.151.100.202
Veronica Sanchez,patrickweeks@example.net,180.94.70.190
Desiree Tyler,ymorgan@example.net,120.5.64.239
Edwin Matthews,cgrimes@example.net,26.163.89.29
Kimberly Gibson,molly39@example.com,118.146.136.233
Patrick Thornton,qhughes@example.net,192.91.251.55
Beth Sanford,molly71@example.net,208.125.186.63
Jennifer Pena,charlesharrington@example.com,57.112.93.229
Sarah Phelps,ofinley@example.net,223.157.68.8
Amanda Jones,wendy16@example.org,179.55.90.245
Michael Berger,nguyenbrian@example.com,41.81.3.248
